[{"model": "auth.user", "pk": 1, "fields": {"password": "pbkdf2_sha256$870000$EA5NzxubXFk9ljdYzcCUJx$tan2rYR0Im/wBfLRGa3S+s79fvgz4vkSMKc8tXYyeis=", "last_login": "2025-02-26T23:08:43.739Z", "is_superuser": true, "username": "shrey", "first_name": "", "last_name": "", "email": "shreyansood@gmail.com", "is_staff": true, "is_active": true, "date_joined": "2025-02-26T23:07:17.133Z", "groups": [], "user_permissions": []}}, {"model": "sessions.session", "pk": "h5h0i05m8pfcyou2x3vija98exqmnlpc", "fields": {"session_data": ".eJxVjEEOwiAQRe_C2pDSMgVcuvcMZIZhpGpoUtqV8e7apAvd_vfef6mI21ri1vISJ1ZnZdTpdyNMj1x3wHest1mnua7LRHpX9EGbvs6cn5fD_Tso2Mq3dhnAY3IOQ8gGjB-dG7xFCYQUELxYkywACZB1YycofeKBbef7LCzq_QHeVDhP:1tnQWB:_xp8Ng249NHtpShZ3dbi1h_8CnEFLs1r3i0nmvJ047M", "expire_date": "2025-03-12T23:08:43.742Z"}}, {"model": "core.customer", "pk": "CUST-1477", "fields": {"username": "user1477", "auth0_id": null, "email": null, "created_at": "2025-02-26T23:05:48.153Z"}}, {"model": "core.customer", "pk": "CUST-1497", "fields": {"username": "user1497", "auth0_id": null, "email": null, "created_at": "2025-02-26T23:05:48.150Z"}}, {"model": "core.customer", "pk": "CUST-1722", "fields": {"username": "user1722", "auth0_id": null, "email": null, "created_at": "2025-02-26T23:05:48.150Z"}}, {"model": "core.customer", "pk": "CUST-1725", "fields": {"username": "user1725", "auth0_id": null, "email": null, "created_at": "2025-02-26T23:05:48.152Z"}}, {"model": "core.customer", "pk": "CUST-1762", "fields": {"username": "user1762", "auth0_id": null, "email": null, "created_at": "2025-02-26T23:05:48.152Z"}}, {"model": "core.customer", "pk": "CUST-1805", "fields": {"username": "user1805", "auth0_id": null, "email": null, "created_at": "2025-02-26T23:05:48.151Z"}}, {"model": "core.customer", "pk": "CUST-2409", "fields": {"username": "user2409", "auth0_id": null, "email": null, "created_at": "2025-02-26T23:05:48.152Z"}}, {"model": "core.customer", "pk": "CUST-2891", "fields": {"username": "user2891", "auth0_id": null, "email": null, "created_at": "2025-02-26T23:05:48.154Z"}}, {"model": "core.customer", "pk": "CUST-2966", "fields": {"username": "user2966", "auth0_id": null, "email": null, "created_at": "2025-02-26T23:05:48.154Z"}}, {"model": "core.customer", "pk": "CUST-3254", "fields": {"username": "user3254", "auth0_id": null, "email": null, "created_at": "2025-02-26T23:05:48.148Z"}}, {"model": "core.customer", "pk": "CUST-3358", "fields": {"username": "user3358", "auth0_id": null, "email": null, "created_at": "2025-02-26T23:05:48.153Z"}}, {"model": "core.customer", "pk": "CUST-3683", "fields": {"username": "user3683", "auth0_id": null, "email": null, "created_at": "2025-02-26T23:05:48.155Z"}}, {"model": "core.customer", "pk": "CUST-3707", "fields": {"username": "user3707", "auth0_id": null, "email": null, "created_at": "2025-02-26T23:05:48.151Z"}}, {"model": "core.customer", "pk": "CUST-3822", "fields": {"username": "user3822", "auth0_id": null, "email": null, "created_at": "2025-02-26T23:05:48.155Z"}}, {"model": "core.customer", "pk": "CUST-3904", "fields": {"username": "user3904", "auth0_id": null, "email": null, "created_at": "2025-02-26T23:05:48.153Z"}}, {"model": "core.customer", "pk": "CUST-3935", "fields": {"username": "user3935", "auth0_id": null, "email": null, "created_at": "2025-02-26T23:05:48.151Z"}}, {"model": "core.customer", "pk": "CUST-3978", "fields": {"username": "user3978", "auth0_id": null, "email": null, "created_at": "2025-02-26T23:05:48.151Z"}}, {"model": "core.customer", "pk": "CUST-4149", "fields": {"username": "user4149", "auth0_id": null, "email": null, "created_at": "2025-02-26T23:05:48.153Z"}}, {"model": "core.customer", "pk": "CUST-4160", "fields": {"username": "user4160", "auth0_id": null, "email": null, "created_at": "2025-02-26T23:05:48.155Z"}}, {"model": "core.customer", "pk": "CUST-4323", "fields": {"username": "user4323", "auth0_id": null, "email": null, "created_at": "2025-02-26T23:05:48.154Z"}}, {"model": "core.customer", "pk": "CUST-4624", "fields": {"username": "user4624", "auth0_id": null, "email": null, "created_at": "2025-02-26T23:05:48.150Z"}}, {"model": "core.customer", "pk": "CUST-4900", "fields": {"username": "user4900", "auth0_id": null, "email": null, "created_at": "2025-02-26T23:05:48.155Z"}}, {"model": "core.customer", "pk": "CUST-5209", "fields": {"username": "user5209", "auth0_id": null, "email": null, "created_at": "2025-02-26T23:05:48.154Z"}}, {"model": "core.customer", "pk": "CUST-5479", "fields": {"username": "user5479", "auth0_id": null, "email": null, "created_at": "2025-02-26T23:05:48.149Z"}}, {"model": "core.customer", "pk": "CUST-5551", "fields": {"username": "user5551", "auth0_id": null, "email": null, "created_at": "2025-02-26T23:05:48.153Z"}}, {"model": "core.customer", "pk": "CUST-5580", "fields": {"username": "user5580", "auth0_id": null, "email": null, "created_at": "2025-02-26T23:05:48.154Z"}}, {"model": "core.customer", "pk": "CUST-5792", "fields": {"username": "user5792", "auth0_id": null, "email": null, "created_at": "2025-02-26T23:05:48.154Z"}}, {"model": "core.customer", "pk": "CUST-6156", "fields": {"username": "user6156", "auth0_id": null, "email": null, "created_at": "2025-02-26T23:05:48.152Z"}}, {"model": "core.customer", "pk": "CUST-6314", "fields": {"username": "user6314", "auth0_id": null, "email": null, "created_at": "2025-02-26T23:05:48.152Z"}}, {"model": "core.customer", "pk": "CUST-6591", "fields": {"username": "user6591", "auth0_id": null, "email": null, "created_at": "2025-02-26T23:05:48.151Z"}}, {"model": "core.customer", "pk": "CUST-6652", "fields": {"username": "user6652", "auth0_id": null, "email": null, "created_at": "2025-02-26T23:05:48.150Z"}}, {"model": "core.customer", "pk": "CUST-6659", "fields": {"username": "user6659", "auth0_id": null, "email": null, "created_at": "2025-02-26T23:05:48.151Z"}}, {"model": "core.customer", "pk": "CUST-7157", "fields": {"username": "user7157", "auth0_id": null, "email": null, "created_at": "2025-02-26T23:05:48.150Z"}}, {"model": "core.customer", "pk": "CUST-7208", "fields": {"username": "user7208", "auth0_id": null, "email": null, "created_at": "2025-02-26T23:05:48.154Z"}}, {"model": "core.customer", "pk": "CUST-7385", "fields": {"username": "user7385", "auth0_id": null, "email": null, "created_at": "2025-02-26T23:05:48.154Z"}}, {"model": "core.customer", "pk": "CUST-7514", "fields": {"username": "user7514", "auth0_id": null, "email": null, "created_at": "2025-02-26T23:05:48.151Z"}}, {"model": "core.customer", "pk": "CUST-7560", "fields": {"username": "user7560", "auth0_id": null, "email": null, "created_at": "2025-02-26T23:05:48.155Z"}}, {"model": "core.customer", "pk": "CUST-8255", "fields": {"username": "user8255", "auth0_id": null, "email": null, "created_at": "2025-02-26T23:05:48.154Z"}}, {"model": "core.customer", "pk": "CUST-8376", "fields": {"username": "user8376", "auth0_id": null, "email": null, "created_at": "2025-02-26T23:05:48.152Z"}}, {"model": "core.customer", "pk": "CUST-8571", "fields": {"username": "user8571", "auth0_id": null, "email": null, "created_at": "2025-02-26T23:05:48.153Z"}}, {"model": "core.customer", "pk": "CUST-8648", "fields": {"username": "user8648", "auth0_id": null, "email": null, "created_at": "2025-02-26T23:05:48.155Z"}}, {"model": "core.customer", "pk": "CUST-8793", "fields": {"username": "user8793", "auth0_id": null, "email": null, "created_at": "2025-02-26T23:05:48.153Z"}}, {"model": "core.customer", "pk": "CUST-8872", "fields": {"username": "user8872", "auth0_id": null, "email": null, "created_at": "2025-02-26T23:05:48.152Z"}}, {"model": "core.customer", "pk": "CUST-8972", "fields": {"username": "user8972", "auth0_id": null, "email": null, "created_at": "2025-02-26T23:05:48.151Z"}}, {"model": "core.customer", "pk": "CUST-9245", "fields": {"username": "user9245", "auth0_id": null, "email": null, "created_at": "2025-02-26T23:05:48.150Z"}}, {"model": "core.customer", "pk": "CUST-9277", "fields": {"username": "user9277", "auth0_id": null, "email": null, "created_at": "2025-02-26T23:05:48.150Z"}}, {"model": "core.customer", "pk": "CUST-9403", "fields": {"username": "user9403", "auth0_id": null, "email": null, "created_at": "2025-02-26T23:05:48.155Z"}}, {"model": "core.customer", "pk": "CUST-9637", "fields": {"username": "user9637", "auth0_id": null, "email": null, "created_at": "2025-02-26T23:05:48.151Z"}}, {"model": "core.customer", "pk": "CUST-9665", "fields": {"username": "user9665", "auth0_id": null, "email": null, "created_at": "2025-02-26T23:05:48.153Z"}}, {"model": "core.customer", "pk": "CUST-9991", "fields": {"username": "user9991", "auth0_id": null, "email": null, "created_at": "2025-02-26T23:05:48.152Z"}}, {"model": "core.order", "pk": "100-9569551", "fields": {"customer": "CUST-5479", "order_date": "2025-02-11", "created_at": "2025-02-26T23:05:48.178Z"}}, {"model": "core.order", "pk": "127-8508899", "fields": {"customer": "CUST-9403", "order_date": "2025-01-28", "created_at": "2025-02-26T23:05:48.257Z"}}, {"model": "core.order", "pk": "172-2777198", "fields": {"customer": "CUST-2409", "order_date": "2025-02-18", "created_at": "2025-02-26T23:05:48.223Z"}}, {"model": "core.order", "pk": "206-8458236", "fields": {"customer": "CUST-6659", "order_date": "2025-01-31", "created_at": "2025-02-26T23:05:48.204Z"}}, {"model": "core.order", "pk": "211-3575408", "fields": {"customer": "CUST-6314", "order_date": "2025-02-17", "created_at": "2025-02-26T23:05:48.221Z"}}, {"model": "core.order", "pk": "225-7059537", "fields": {"customer": "CUST-5209", "order_date": "2025-02-10", "created_at": "2025-02-26T23:05:48.241Z"}}, {"model": "core.order", "pk": "227-4218550", "fields": {"customer": "CUST-8872", "order_date": "2025-02-08", "created_at": "2025-02-26T23:05:48.227Z"}}, {"model": "core.order", "pk": "230-9887198", "fields": {"customer": "CUST-4900", "order_date": "2025-02-12", "created_at": "2025-02-26T23:05:48.261Z"}}, {"model": "core.order", "pk": "231-6588838", "fields": {"customer": "CUST-4624", "order_date": "2025-02-14", "created_at": "2025-02-26T23:05:48.181Z"}}, {"model": "core.order", "pk": "285-2402259", "fields": {"customer": "CUST-6156", "order_date": "2025-01-31", "created_at": "2025-02-26T23:05:48.214Z"}}, {"model": "core.order", "pk": "309-3465941", "fields": {"customer": "CUST-1497", "order_date": "2025-02-24", "created_at": "2025-02-26T23:05:48.188Z"}}, {"model": "core.order", "pk": "322-9277768", "fields": {"customer": "CUST-3358", "order_date": "2025-01-27", "created_at": "2025-02-26T23:05:48.237Z"}}, {"model": "core.order", "pk": "324-9232470", "fields": {"customer": "CUST-6652", "order_date": "2025-02-20", "created_at": "2025-02-26T23:05:48.180Z"}}, {"model": "core.order", "pk": "358-9031530", "fields": {"customer": "CUST-3904", "order_date": "2025-01-27", "created_at": "2025-02-26T23:05:48.232Z"}}, {"model": "core.order", "pk": "378-9453554", "fields": {"customer": "CUST-2966", "order_date": "2025-02-04", "created_at": "2025-02-26T23:05:48.247Z"}}, {"model": "core.order", "pk": "387-5038100", "fields": {"customer": "CUST-9637", "order_date": "2025-02-14", "created_at": "2025-02-26T23:05:48.198Z"}}, {"model": "core.order", "pk": "391-4203959", "fields": {"customer": "CUST-3978", "order_date": "2025-02-08", "created_at": "2025-02-26T23:05:48.195Z"}}, {"model": "core.order", "pk": "439-2166731", "fields": {"customer": "CUST-5792", "order_date": "2025-02-07", "created_at": "2025-02-26T23:05:48.248Z"}}, {"model": "core.order", "pk": "475-7284423", "fields": {"customer": "CUST-5580", "order_date": "2025-01-31", "created_at": "2025-02-26T23:05:48.245Z"}}, {"model": "core.order", "pk": "527-8698260", "fields": {"customer": "CUST-8255", "order_date": "2025-02-02", "created_at": "2025-02-26T23:05:48.249Z"}}, {"model": "core.order", "pk": "564-5398964", "fields": {"customer": "CUST-4160", "order_date": "2025-02-24", "created_at": "2025-02-26T23:05:48.259Z"}}, {"model": "core.order", "pk": "571-5106239", "fields": {"customer": "CUST-9665", "order_date": "2025-02-06", "created_at": "2025-02-26T23:05:48.238Z"}}, {"model": "core.order", "pk": "583-7637703", "fields": {"customer": "CUST-1477", "order_date": "2025-02-17", "created_at": "2025-02-26T23:05:48.240Z"}}, {"model": "core.order", "pk": "609-4782611", "fields": {"customer": "CUST-1725", "order_date": "2025-02-12", "created_at": "2025-02-26T23:05:48.217Z"}}, {"model": "core.order", "pk": "610-6474541", "fields": {"customer": "CUST-7385", "order_date": "2025-02-13", "created_at": "2025-02-26T23:05:48.254Z"}}, {"model": "core.order", "pk": "622-2257790", "fields": {"customer": "CUST-3707", "order_date": "2025-02-07", "created_at": "2025-02-26T23:05:48.196Z"}}, {"model": "core.order", "pk": "656-7910443", "fields": {"customer": "CUST-8793", "order_date": "2025-02-01", "created_at": "2025-02-26T23:05:48.235Z"}}, {"model": "core.order", "pk": "676-3223337", "fields": {"customer": "CUST-1805", "order_date": "2025-01-27", "created_at": "2025-02-26T23:05:48.206Z"}}, {"model": "core.order", "pk": "707-9517156", "fields": {"customer": "CUST-1722", "order_date": "2025-02-09", "created_at": "2025-02-26T23:05:48.183Z"}}, {"model": "core.order", "pk": "725-3804025", "fields": {"customer": "CUST-9277", "order_date": "2025-02-03", "created_at": "2025-02-26T23:05:48.190Z"}}, {"model": "core.order", "pk": "783-5472767", "fields": {"customer": "CUST-9991", "order_date": "2025-02-07", "created_at": "2025-02-26T23:05:48.211Z"}}, {"model": "core.order", "pk": "785-6559903", "fields": {"customer": "CUST-4323", "order_date": "2025-02-08", "created_at": "2025-02-26T23:05:48.253Z"}}, {"model": "core.order", "pk": "791-4629888", "fields": {"customer": "CUST-2891", "order_date": "2025-02-18", "created_at": "2025-02-26T23:05:48.251Z"}}, {"model": "core.order", "pk": "795-7392200", "fields": {"customer": "CUST-3683", "order_date": "2025-02-01", "created_at": "2025-02-26T23:05:48.265Z"}}, {"model": "core.order", "pk": "800-8564888", "fields": {"customer": "CUST-7514", "order_date": "2025-02-23", "created_at": "2025-02-26T23:05:48.200Z"}}, {"model": "core.order", "pk": "814-9506572", "fields": {"customer": "CUST-7157", "order_date": "2025-02-03", "created_at": "2025-02-26T23:05:48.187Z"}}, {"model": "core.order", "pk": "820-5199094", "fields": {"customer": "CUST-9245", "order_date": "2025-01-27", "created_at": "2025-02-26T23:05:48.185Z"}}, {"model": "core.order", "pk": "844-3232303", "fields": {"customer": "CUST-1762", "order_date": "2025-02-10", "created_at": "2025-02-26T23:05:48.225Z"}}, {"model": "core.order", "pk": "874-6523644", "fields": {"customer": "CUST-8571", "order_date": "2025-02-05", "created_at": "2025-02-26T23:05:48.229Z"}}, {"model": "core.order", "pk": "875-4428679", "fields": {"customer": "CUST-6591", "order_date": "2025-02-25", "created_at": "2025-02-26T23:05:48.202Z"}}, {"model": "core.order", "pk": "879-9463195", "fields": {"customer": "CUST-7208", "order_date": "2025-02-11", "created_at": "2025-02-26T23:05:48.243Z"}}, {"model": "core.order", "pk": "885-2179756", "fields": {"customer": "CUST-3254", "order_date": "2025-02-03", "created_at": "2025-02-26T23:05:48.164Z"}}, {"model": "core.order", "pk": "890-9876569", "fields": {"customer": "CUST-8648", "order_date": "2025-02-09", "created_at": "2025-02-26T23:05:48.266Z"}}, {"model": "core.order", "pk": "910-2030019", "fields": {"customer": "CUST-8972", "order_date": "2025-02-13", "created_at": "2025-02-26T23:05:48.192Z"}}, {"model": "core.order", "pk": "913-4881850", "fields": {"customer": "CUST-4149", "order_date": "2025-02-15", "created_at": "2025-02-26T23:05:48.233Z"}}, {"model": "core.order", "pk": "916-9901000", "fields": {"customer": "CUST-7560", "order_date": "2025-02-19", "created_at": "2025-02-26T23:05:48.262Z"}}, {"model": "core.order", "pk": "920-8651724", "fields": {"customer": "CUST-3822", "order_date": "2025-02-17", "created_at": "2025-02-26T23:05:48.256Z"}}, {"model": "core.order", "pk": "926-4928384", "fields": {"customer": "CUST-3935", "order_date": "2025-02-02", "created_at": "2025-02-26T23:05:48.208Z"}}, {"model": "core.order", "pk": "979-9805689", "fields": {"customer": "CUST-5551", "order_date": "2025-02-03", "created_at": "2025-02-26T23:05:48.231Z"}}, {"model": "core.order", "pk": "990-2822204", "fields": {"customer": "CUST-8376", "order_date": "2025-02-23", "created_at": "2025-02-26T23:05:48.215Z"}}, {"model": "core.shipment", "pk": "SHIP-109975", "fields": {"order": "439-2166731", "tracking_number": "DA7A3C67-305A-4", "warehouse_id": "WH-63", "fulfillment_region": "Midwest", "zip_code": "74107", "address_id": "ADDR-3085", "fulfillment_type": "Expedited", "ship_date": "2025-02-14", "estimated_delivery": "2025-02-20", "actual_delivery_date": null, "current_status": "Out for Delivery", "last_scan_location": "Los Angeles, CA", "scan_timestamp": "2025-02-15T15:22:09Z", "delivery_attempt_status": "First Attempt", "delivery_failure_status": null}}, {"model": "core.shipment", "pk": "SHIP-110455", "fields": {"order": "100-9569551", "tracking_number": "38D91691-6DE9-4", "warehouse_id": "WH-97", "fulfillment_region": "Southeast", "zip_code": "50746", "address_id": "ADDR-2593", "fulfillment_type": "Expedited", "ship_date": "2025-02-23", "estimated_delivery": "2025-02-27", "actual_delivery_date": null, "current_status": "In Transit", "last_scan_location": "El Paso, TX", "scan_timestamp": "2025-02-23T09:38:29Z", "delivery_attempt_status": "Third Attempt", "delivery_failure_status": null}}, {"model": "core.shipment", "pk": "SHIP-113993", "fields": {"order": "358-9031530", "tracking_number": "A187FD16-FB26-4", "warehouse_id": "WH-76", "fulfillment_region": "Midwest", "zip_code": "42369", "address_id": "ADDR-2375", "fulfillment_type": "Expedited", "ship_date": "2025-02-04", "estimated_delivery": "2025-02-13", "actual_delivery_date": null, "current_status": "Failed", "last_scan_location": "Columbus, OH", "scan_timestamp": "2025-02-09T19:27:28Z", "delivery_attempt_status": "-", "delivery_failure_status": "Damaged Package"}}, {"model": "core.shipment", "pk": "SHIP-138274", "fields": {"order": "387-5038100", "tracking_number": "CDB1277C-8C37-4", "warehouse_id": "WH-37", "fulfillment_region": "Midwest", "zip_code": "85815", "address_id": "ADDR-3915", "fulfillment_type": "Standard", "ship_date": "2025-02-20", "estimated_delivery": "2025-02-22", "actual_delivery_date": "2025-02-22", "current_status": "Delivered", "last_scan_location": "Houston, TX", "scan_timestamp": "2025-02-22T16:36:55Z", "delivery_attempt_status": "First Attempt", "delivery_failure_status": null}}, {"model": "core.shipment", "pk": "SHIP-148892", "fields": {"order": "475-7284423", "tracking_number": "727051D0-D73F-4", "warehouse_id": "WH-21", "fulfillment_region": "West", "zip_code": "50779", "address_id": "ADDR-9478", "fulfillment_type": "Expedited", "ship_date": "2025-02-08", "estimated_delivery": "2025-02-16", "actual_delivery_date": "2025-02-16", "current_status": "Delivered", "last_scan_location": "Columbus, OH", "scan_timestamp": "2025-02-16T12:28:20Z", "delivery_attempt_status": "First Attempt", "delivery_failure_status": null}}, {"model": "core.shipment", "pk": "SHIP-177437", "fields": {"order": "910-2030019", "tracking_number": "ECEA97E5-E08B-4", "warehouse_id": "WH-47", "fulfillment_region": "West", "zip_code": "58691", "address_id": "ADDR-5851", "fulfillment_type": "Freight", "ship_date": "2025-02-19", "estimated_delivery": "2025-02-26", "actual_delivery_date": null, "current_status": "Delayed", "last_scan_location": "Detroit, MI", "scan_timestamp": "2025-02-21T12:27:01Z", "delivery_attempt_status": "First Attempt", "delivery_failure_status": null}}, {"model": "core.shipment", "pk": "SHIP-199726", "fields": {"order": "725-3804025", "tracking_number": "B9E53F90-0662-4", "warehouse_id": "WH-5", "fulfillment_region": "West", "zip_code": "70620", "address_id": "ADDR-7359", "fulfillment_type": "Freight", "ship_date": "2025-02-24", "estimated_delivery": "2025-03-05", "actual_delivery_date": null, "current_status": "Out for Delivery", "last_scan_location": "Phoenix, AZ", "scan_timestamp": "2025-03-04T19:43:53Z", "delivery_attempt_status": "Third Attempt", "delivery_failure_status": null}}, {"model": "core.shipment", "pk": "SHIP-200026", "fields": {"order": "926-4928384", "tracking_number": "7149D787-C07C-4", "warehouse_id": "WH-78", "fulfillment_region": "Midwest", "zip_code": "36338", "address_id": "ADDR-8781", "fulfillment_type": "Freight", "ship_date": "2025-02-15", "estimated_delivery": "2025-02-15", "actual_delivery_date": null, "current_status": "Failed", "last_scan_location": "Columbus, OH", "scan_timestamp": "2025-02-15T00:00:00Z", "delivery_attempt_status": "-", "delivery_failure_status": "Address Not Found"}}, {"model": "core.shipment", "pk": "SHIP-200142", "fields": {"order": "875-4428679", "tracking_number": "3345E4EC-0D30-4", "warehouse_id": "WH-54", "fulfillment_region": "Pacific", "zip_code": "70205", "address_id": "ADDR-3065", "fulfillment_type": "Freight", "ship_date": "2025-02-26", "estimated_delivery": "2025-03-06", "actual_delivery_date": null, "current_status": "In Transit", "last_scan_location": "Jacksonville, FL", "scan_timestamp": "2025-02-26T11:14:50Z", "delivery_attempt_status": "Third Attempt", "delivery_failure_status": null}}, {"model": "core.shipment", "pk": "SHIP-201863", "fields": {"order": "206-8458236", "tracking_number": "CC93917F-F86D-4", "warehouse_id": "WH-98", "fulfillment_region": "Midwest", "zip_code": "72696", "address_id": "ADDR-8446", "fulfillment_type": "Freight", "ship_date": "2025-02-07", "estimated_delivery": "2025-02-11", "actual_delivery_date": null, "current_status": "Delayed", "last_scan_location": "Indianapolis, IN", "scan_timestamp": "2025-02-10T10:38:40Z", "delivery_attempt_status": "Second Attempt", "delivery_failure_status": null}}, {"model": "core.shipment", "pk": "SHIP-239645", "fields": {"order": "564-5398964", "tracking_number": "846A9D75-FF6C-4", "warehouse_id": "WH-74", "fulfillment_region": "West", "zip_code": "64677", "address_id": "ADDR-4550", "fulfillment_type": "Freight", "ship_date": "2025-02-25", "estimated_delivery": "2025-03-03", "actual_delivery_date": null, "current_status": "In Transit", "last_scan_location": "Denver, CO", "scan_timestamp": "2025-03-01T14:21:22Z", "delivery_attempt_status": "Second Attempt", "delivery_failure_status": null}}, {"model": "core.shipment", "pk": "SHIP-248177", "fields": {"order": "231-6588838", "tracking_number": "0DC39BC5-1AEE-4", "warehouse_id": "WH-65", "fulfillment_region": "Northeast", "zip_code": "07343", "address_id": "ADDR-5655", "fulfillment_type": "Standard", "ship_date": "2025-02-18", "estimated_delivery": "2025-02-18", "actual_delivery_date": null, "current_status": "Delayed", "last_scan_location": "San Jose, CA", "scan_timestamp": "2025-02-18T00:00:00Z", "delivery_attempt_status": "Second Attempt", "delivery_failure_status": null}}, {"model": "core.shipment", "pk": "SHIP-262602", "fields": {"order": "783-5472767", "tracking_number": "B72C5DCC-8E46-4", "warehouse_id": "WH-96", "fulfillment_region": "Southeast", "zip_code": "78762", "address_id": "ADDR-3418", "fulfillment_type": "Expedited", "ship_date": "2025-02-18", "estimated_delivery": "2025-02-20", "actual_delivery_date": null, "current_status": "Out for Delivery", "last_scan_location": "San Jose, CA", "scan_timestamp": "2025-02-18T12:00:46Z", "delivery_attempt_status": "Third Attempt", "delivery_failure_status": null}}, {"model": "core.shipment", "pk": "SHIP-285960", "fields": {"order": "676-3223337", "tracking_number": "3F537FD8-0733-4", "warehouse_id": "WH-21", "fulfillment_region": "Northeast", "zip_code": "09829", "address_id": "ADDR-1650", "fulfillment_type": "Standard", "ship_date": "2025-02-05", "estimated_delivery": "2025-02-10", "actual_delivery_date": null, "current_status": "In Transit", "last_scan_location": "San Jose, CA", "scan_timestamp": "2025-02-07T01:49:13Z", "delivery_attempt_status": "First Attempt", "delivery_failure_status": null}}, {"model": "core.shipment", "pk": "SHIP-319328", "fields": {"order": "979-9805689", "tracking_number": "73AF741C-9E47-4", "warehouse_id": "WH-29", "fulfillment_region": "West", "zip_code": "28609", "address_id": "ADDR-4751", "fulfillment_type": "Freight", "ship_date": "2025-02-15", "estimated_delivery": "2025-02-21", "actual_delivery_date": null, "current_status": "Out for Delivery", "last_scan_location": "Phoenix, AZ", "scan_timestamp": "2025-02-18T21:51:41Z", "delivery_attempt_status": "First Attempt", "delivery_failure_status": null}}, {"model": "core.shipment", "pk": "SHIP-323969", "fields": {"order": "127-8508899", "tracking_number": "E9698547-2256-4", "warehouse_id": "WH-1", "fulfillment_region": "South", "zip_code": "21499", "address_id": "ADDR-8188", "fulfillment_type": "Expedited", "ship_date": "2025-02-23", "estimated_delivery": "2025-02-26", "actual_delivery_date": null, "current_status": "In Transit", "last_scan_location": "Charlotte, NC", "scan_timestamp": "2025-02-24T17:44:05Z", "delivery_attempt_status": "-", "delivery_failure_status": null}}, {"model": "core.shipment", "pk": "SHIP-342617", "fields": {"order": "885-2179756", "tracking_number": "A4149627-2A6F-4", "warehouse_id": "WH-18", "fulfillment_region": "Pacific", "zip_code": "89276", "address_id": "ADDR-7147", "fulfillment_type": "Freight", "ship_date": "2025-02-22", "estimated_delivery": "2025-02-26", "actual_delivery_date": null, "current_status": "In Transit", "last_scan_location": "Austin, TX", "scan_timestamp": "2025-02-23T23:47:52Z", "delivery_attempt_status": "Third Attempt", "delivery_failure_status": null}}, {"model": "core.shipment", "pk": "SHIP-397449", "fields": {"order": "890-9876569", "tracking_number": "AF5B3E6B-E851-4", "warehouse_id": "WH-60", "fulfillment_region": "West", "zip_code": "14668", "address_id": "ADDR-4034", "fulfillment_type": "Freight", "ship_date": "2025-02-17", "estimated_delivery": "2025-02-26", "actual_delivery_date": null, "current_status": "In Transit", "last_scan_location": "San Diego, CA", "scan_timestamp": "2025-02-18T05:01:07Z", "delivery_attempt_status": "-", "delivery_failure_status": null}}, {"model": "core.shipment", "pk": "SHIP-452362", "fields": {"order": "172-2777198", "tracking_number": "38F2DB80-C404-4", "warehouse_id": "WH-10", "fulfillment_region": "West", "zip_code": "71509", "address_id": "ADDR-9562", "fulfillment_type": "Expedited", "ship_date": "2025-02-22", "estimated_delivery": "2025-03-02", "actual_delivery_date": null, "current_status": "In Transit", "last_scan_location": "New York, NY", "scan_timestamp": "2025-02-26T03:54:57Z", "delivery_attempt_status": "Second Attempt", "delivery_failure_status": null}}, {"model": "core.shipment", "pk": "SHIP-454775", "fields": {"order": "571-5106239", "tracking_number": "5BB5EEFB-3793-4", "warehouse_id": "WH-58", "fulfillment_region": "South", "zip_code": "53300", "address_id": "ADDR-7114", "fulfillment_type": "Expedited", "ship_date": "2025-02-08", "estimated_delivery": "2025-02-11", "actual_delivery_date": null, "current_status": "Out for Delivery", "last_scan_location": "Houston, TX", "scan_timestamp": "2025-02-09T03:57:19Z", "delivery_attempt_status": "-", "delivery_failure_status": null}}, {"model": "core.shipment", "pk": "SHIP-464001", "fields": {"order": "874-6523644", "tracking_number": "759E1C7A-FF09-4", "warehouse_id": "WH-53", "fulfillment_region": "Midwest", "zip_code": "81500", "address_id": "ADDR-2048", "fulfillment_type": "Standard", "ship_date": "2025-02-21", "estimated_delivery": "2025-02-25", "actual_delivery_date": null, "current_status": "Delayed", "last_scan_location": "Baltimore, MD", "scan_timestamp": "2025-02-24T06:02:42Z", "delivery_attempt_status": "First Attempt", "delivery_failure_status": null}}, {"model": "core.shipment", "pk": "SHIP-480067", "fields": {"order": "920-8651724", "tracking_number": "BE707E40-6E20-4", "warehouse_id": "WH-71", "fulfillment_region": "Southeast", "zip_code": "01718", "address_id": "ADDR-2993", "fulfillment_type": "Freight", "ship_date": "2025-02-23", "estimated_delivery": "2025-03-02", "actual_delivery_date": "2025-03-02", "current_status": "Delivered", "last_scan_location": "El Paso, TX", "scan_timestamp": "2025-03-02T14:18:35Z", "delivery_attempt_status": "First Attempt", "delivery_failure_status": null}}, {"model": "core.shipment", "pk": "SHIP-485777", "fields": {"order": "609-4782611", "tracking_number": "F30E642A-7A33-4", "warehouse_id": "WH-6", "fulfillment_region": "South", "zip_code": "02036", "address_id": "ADDR-1632", "fulfillment_type": "Standard", "ship_date": "2025-02-22", "estimated_delivery": "2025-02-24", "actual_delivery_date": null, "current_status": "Delayed", "last_scan_location": "Los Angeles, CA", "scan_timestamp": "2025-02-23T21:58:39Z", "delivery_attempt_status": "First Attempt", "delivery_failure_status": null}}, {"model": "core.shipment", "pk": "SHIP-507554", "fields": {"order": "990-2822204", "tracking_number": "613DC43F-26CA-4", "warehouse_id": "WH-63", "fulfillment_region": "West", "zip_code": "33530", "address_id": "ADDR-2091", "fulfillment_type": "Freight", "ship_date": "2025-02-25", "estimated_delivery": "2025-02-26", "actual_delivery_date": null, "current_status": "Failed", "last_scan_location": "San Jose, CA", "scan_timestamp": "2025-02-25T20:56:34Z", "delivery_attempt_status": "-", "delivery_failure_status": "Damaged Package"}}, {"model": "core.shipment", "pk": "SHIP-526020", "fields": {"order": "814-9506572", "tracking_number": "F008412A-0460-4", "warehouse_id": "WH-32", "fulfillment_region": "Midwest", "zip_code": "65691", "address_id": "ADDR-9228", "fulfillment_type": "Freight", "ship_date": "2025-02-21", "estimated_delivery": "2025-03-01", "actual_delivery_date": null, "current_status": "Delayed", "last_scan_location": "Baltimore, MD", "scan_timestamp": "2025-02-24T01:53:18Z", "delivery_attempt_status": "First Attempt", "delivery_failure_status": null}}, {"model": "core.shipment", "pk": "SHIP-533039", "fields": {"order": "211-3575408", "tracking_number": "5FB6811A-42BE-4", "warehouse_id": "WH-3", "fulfillment_region": "South", "zip_code": "92709", "address_id": "ADDR-8708", "fulfillment_type": "Standard", "ship_date": "2025-02-18", "estimated_delivery": "2025-02-23", "actual_delivery_date": "2025-02-23", "current_status": "Delivered", "last_scan_location": "Los Angeles, CA", "scan_timestamp": "2025-02-23T17:51:18Z", "delivery_attempt_status": "First Attempt", "delivery_failure_status": null}}, {"model": "core.shipment", "pk": "SHIP-551218", "fields": {"order": "324-9232470", "tracking_number": "1C95A4C5-4215-4", "warehouse_id": "WH-7", "fulfillment_region": "Midwest", "zip_code": "91671", "address_id": "ADDR-1896", "fulfillment_type": "Standard", "ship_date": "2025-02-23", "estimated_delivery": "2025-02-28", "actual_delivery_date": null, "current_status": "Out for Delivery", "last_scan_location": "Indianapolis, IN", "scan_timestamp": "2025-02-23T04:44:04Z", "delivery_attempt_status": "First Attempt", "delivery_failure_status": null}}, {"model": "core.shipment", "pk": "SHIP-571579", "fields": {"order": "916-9901000", "tracking_number": "E9514B2C-B543-4", "warehouse_id": "WH-89", "fulfillment_region": "Southeast", "zip_code": "19861", "address_id": "ADDR-5176", "fulfillment_type": "Freight", "ship_date": "2025-02-22", "estimated_delivery": "2025-02-27", "actual_delivery_date": null, "current_status": "Delayed", "last_scan_location": "Washington, DC", "scan_timestamp": "2025-02-23T12:08:44Z", "delivery_attempt_status": "Second Attempt", "delivery_failure_status": null}}, {"model": "core.shipment", "pk": "SHIP-589388", "fields": {"order": "583-7637703", "tracking_number": "284AB20F-23D4-4", "warehouse_id": "WH-37", "fulfillment_region": "South", "zip_code": "87792", "address_id": "ADDR-9527", "fulfillment_type": "Standard", "ship_date": "2025-02-18", "estimated_delivery": "2025-02-20", "actual_delivery_date": null, "current_status": "In Transit", "last_scan_location": "Charlotte, NC", "scan_timestamp": "2025-02-18T05:23:06Z", "delivery_attempt_status": "Second Attempt", "delivery_failure_status": null}}, {"model": "core.shipment", "pk": "SHIP-623675", "fields": {"order": "800-8564888", "tracking_number": "C56DE8F4-C623-4", "warehouse_id": "WH-73", "fulfillment_region": "Southeast", "zip_code": "04567", "address_id": "ADDR-3275", "fulfillment_type": "Expedited", "ship_date": "2025-02-25", "estimated_delivery": "2025-02-27", "actual_delivery_date": null, "current_status": "In Transit", "last_scan_location": "Nashville, TN", "scan_timestamp": "2025-02-25T05:37:30Z", "delivery_attempt_status": "Second Attempt", "delivery_failure_status": null}}, {"model": "core.shipment", "pk": "SHIP-624317", "fields": {"order": "225-7059537", "tracking_number": "F0716973-6B42-4", "warehouse_id": "WH-97", "fulfillment_region": "Southeast", "zip_code": "52753", "address_id": "ADDR-9688", "fulfillment_type": "Freight", "ship_date": "2025-02-21", "estimated_delivery": "2025-02-25", "actual_delivery_date": null, "current_status": "Out for Delivery", "last_scan_location": "Charlotte, NC", "scan_timestamp": "2025-02-21T04:02:20Z", "delivery_attempt_status": "Third Attempt", "delivery_failure_status": null}}, {"model": "core.shipment", "pk": "SHIP-631760", "fields": {"order": "913-4881850", "tracking_number": "A8E2DE54-E14D-4", "warehouse_id": "WH-21", "fulfillment_region": "Southeast", "zip_code": "60470", "address_id": "ADDR-9295", "fulfillment_type": "Freight", "ship_date": "2025-02-16", "estimated_delivery": "2025-02-18", "actual_delivery_date": null, "current_status": "Out for Delivery", "last_scan_location": "Indianapolis, IN", "scan_timestamp": "2025-02-16T14:32:23Z", "delivery_attempt_status": "-", "delivery_failure_status": null}}, {"model": "core.shipment", "pk": "SHIP-662436", "fields": {"order": "795-7392200", "tracking_number": "2342A44C-23DC-4", "warehouse_id": "WH-66", "fulfillment_region": "Midwest", "zip_code": "37244", "address_id": "ADDR-3336", "fulfillment_type": "Freight", "ship_date": "2025-02-15", "estimated_delivery": "2025-02-22", "actual_delivery_date": "2025-02-22", "current_status": "Delivered", "last_scan_location": "Portland, OR", "scan_timestamp": "2025-02-22T13:17:11Z", "delivery_attempt_status": "First Attempt", "delivery_failure_status": null}}, {"model": "core.shipment", "pk": "SHIP-682972", "fields": {"order": "227-4218550", "tracking_number": "EEA5E788-FC6A-4", "warehouse_id": "WH-90", "fulfillment_region": "Southeast", "zip_code": "44528", "address_id": "ADDR-2559", "fulfillment_type": "Expedited", "ship_date": "2025-02-18", "estimated_delivery": "2025-02-25", "actual_delivery_date": null, "current_status": "Failed", "last_scan_location": "San Jose, CA", "scan_timestamp": "2025-02-23T01:28:12Z", "delivery_attempt_status": "Second Attempt", "delivery_failure_status": "Address Not Found"}}, {"model": "core.shipment", "pk": "SHIP-700701", "fields": {"order": "879-9463195", "tracking_number": "0D853BCB-F4F2-4", "warehouse_id": "WH-91", "fulfillment_region": "Northeast", "zip_code": "53667", "address_id": "ADDR-2770", "fulfillment_type": "Expedited", "ship_date": "2025-02-17", "estimated_delivery": "2025-02-22", "actual_delivery_date": null, "current_status": "Delayed", "last_scan_location": "Dallas, TX", "scan_timestamp": "2025-02-20T21:03:01Z", "delivery_attempt_status": "Second Attempt", "delivery_failure_status": null}}, {"model": "core.shipment", "pk": "SHIP-766289", "fields": {"order": "791-4629888", "tracking_number": "C2628781-DFB3-4", "warehouse_id": "WH-53", "fulfillment_region": "South", "zip_code": "60376", "address_id": "ADDR-3796", "fulfillment_type": "Expedited", "ship_date": "2025-02-24", "estimated_delivery": "2025-03-01", "actual_delivery_date": null, "current_status": "Failed", "last_scan_location": "Baltimore, MD", "scan_timestamp": "2025-02-27T09:20:32Z", "delivery_attempt_status": "Third Attempt", "delivery_failure_status": "Address Not Found"}}, {"model": "core.shipment", "pk": "SHIP-791433", "fields": {"order": "844-3232303", "tracking_number": "EFC0A5D9-2E02-4", "warehouse_id": "WH-70", "fulfillment_region": "Southeast", "zip_code": "24320", "address_id": "ADDR-2353", "fulfillment_type": "Expedited", "ship_date": "2025-02-12", "estimated_delivery": "2025-02-15", "actual_delivery_date": null, "current_status": "In Transit", "last_scan_location": "San Jose, CA", "scan_timestamp": "2025-02-14T14:55:26Z", "delivery_attempt_status": "Second Attempt", "delivery_failure_status": null}}, {"model": "core.shipment", "pk": "SHIP-793212", "fields": {"order": "230-9887198", "tracking_number": "B3E8ED6A-4079-4", "warehouse_id": "WH-6", "fulfillment_region": "West", "zip_code": "56511", "address_id": "ADDR-1350", "fulfillment_type": "Expedited", "ship_date": "2025-02-14", "estimated_delivery": "2025-02-18", "actual_delivery_date": "2025-02-18", "current_status": "Delivered", "last_scan_location": "Louisville, KY", "scan_timestamp": "2025-02-18T19:24:40Z", "delivery_attempt_status": "First Attempt", "delivery_failure_status": null}}, {"model": "core.shipment", "pk": "SHIP-793713", "fields": {"order": "622-2257790", "tracking_number": "DB4BE0AE-50F8-4", "warehouse_id": "WH-62", "fulfillment_region": "Midwest", "zip_code": "70412", "address_id": "ADDR-4833", "fulfillment_type": "Standard", "ship_date": "2025-02-11", "estimated_delivery": "2025-02-17", "actual_delivery_date": null, "current_status": "Out for Delivery", "last_scan_location": "San Diego, CA", "scan_timestamp": "2025-02-13T21:45:13Z", "delivery_attempt_status": "First Attempt", "delivery_failure_status": null}}, {"model": "core.shipment", "pk": "SHIP-804258", "fields": {"order": "309-3465941", "tracking_number": "438D65CF-A346-4", "warehouse_id": "WH-99", "fulfillment_region": "Pacific", "zip_code": "50634", "address_id": "ADDR-5580", "fulfillment_type": "Expedited", "ship_date": "2025-02-25", "estimated_delivery": "2025-03-02", "actual_delivery_date": null, "current_status": "Failed", "last_scan_location": "Indianapolis, IN", "scan_timestamp": "2025-02-26T06:41:28Z", "delivery_attempt_status": "Third Attempt", "delivery_failure_status": "-"}}, {"model": "core.shipment", "pk": "SHIP-833950", "fields": {"order": "527-8698260", "tracking_number": "09C55913-15C3-4", "warehouse_id": "WH-60", "fulfillment_region": "Midwest", "zip_code": "90659", "address_id": "ADDR-7960", "fulfillment_type": "Freight", "ship_date": "2025-02-25", "estimated_delivery": "2025-02-26", "actual_delivery_date": null, "current_status": "Failed", "last_scan_location": "San Antonio, TX", "scan_timestamp": "2025-02-25T10:59:14Z", "delivery_attempt_status": "Second Attempt", "delivery_failure_status": "Damaged Package"}}, {"model": "core.shipment", "pk": "SHIP-862788", "fields": {"order": "610-6474541", "tracking_number": "29E29DFC-4DC7-4", "warehouse_id": "WH-2", "fulfillment_region": "South", "zip_code": "95423", "address_id": "ADDR-1096", "fulfillment_type": "Expedited", "ship_date": "2025-02-15", "estimated_delivery": "2025-02-19", "actual_delivery_date": null, "current_status": "Failed", "last_scan_location": "Denver, CO", "scan_timestamp": "2025-02-17T05:26:36Z", "delivery_attempt_status": "Third Attempt", "delivery_failure_status": "Recipient Unavailable"}}, {"model": "core.shipment", "pk": "SHIP-867007", "fields": {"order": "378-9453554", "tracking_number": "3281E787-DE7B-4", "warehouse_id": "WH-72", "fulfillment_region": "Northeast", "zip_code": "81968", "address_id": "ADDR-9542", "fulfillment_type": "Freight", "ship_date": "2025-02-06", "estimated_delivery": "2025-02-07", "actual_delivery_date": "2025-02-07", "current_status": "Delivered", "last_scan_location": "Charlotte, NC", "scan_timestamp": "2025-02-07T10:43:06Z", "delivery_attempt_status": "First Attempt", "delivery_failure_status": null}}, {"model": "core.shipment", "pk": "SHIP-929959", "fields": {"order": "656-7910443", "tracking_number": "10412594-92D8-4", "warehouse_id": "WH-49", "fulfillment_region": "Midwest", "zip_code": "29767", "address_id": "ADDR-9221", "fulfillment_type": "Expedited", "ship_date": "2025-02-20", "estimated_delivery": "2025-02-22", "actual_delivery_date": null, "current_status": "Out for Delivery", "last_scan_location": "Seattle, WA", "scan_timestamp": "2025-02-20T12:21:36Z", "delivery_attempt_status": "Second Attempt", "delivery_failure_status": null}}, {"model": "core.shipment", "pk": "SHIP-938223", "fields": {"order": "820-5199094", "tracking_number": "21F4B5E7-02B7-4", "warehouse_id": "WH-25", "fulfillment_region": "South", "zip_code": "13469", "address_id": "ADDR-6031", "fulfillment_type": "Expedited", "ship_date": "2025-02-13", "estimated_delivery": "2025-02-16", "actual_delivery_date": null, "current_status": "In Transit", "last_scan_location": "Charlotte, NC", "scan_timestamp": "2025-02-13T05:52:33Z", "delivery_attempt_status": "Third Attempt", "delivery_failure_status": null}}, {"model": "core.shipment", "pk": "SHIP-939303", "fields": {"order": "391-4203959", "tracking_number": "A68380C2-820D-4", "warehouse_id": "WH-83", "fulfillment_region": "South", "zip_code": "41743", "address_id": "ADDR-9712", "fulfillment_type": "Expedited", "ship_date": "2025-02-17", "estimated_delivery": "2025-02-23", "actual_delivery_date": null, "current_status": "Failed", "last_scan_location": "San Jose, CA", "scan_timestamp": "2025-02-20T21:47:12Z", "delivery_attempt_status": "-", "delivery_failure_status": "Recipient Unavailable"}}, {"model": "core.shipment", "pk": "SHIP-960113", "fields": {"order": "285-2402259", "tracking_number": "95638300-67EB-4", "warehouse_id": "WH-80", "fulfillment_region": "Southeast", "zip_code": "72687", "address_id": "ADDR-9942", "fulfillment_type": "Freight", "ship_date": "2025-02-24", "estimated_delivery": "2025-02-25", "actual_delivery_date": "2025-02-25", "current_status": "Delivered", "last_scan_location": "San Jose, CA", "scan_timestamp": "2025-02-25T23:19:59Z", "delivery_attempt_status": "First Attempt", "delivery_failure_status": null}}, {"model": "core.shipment", "pk": "SHIP-971841", "fields": {"order": "707-9517156", "tracking_number": "16DA923A-96D5-4", "warehouse_id": "WH-70", "fulfillment_region": "Pacific", "zip_code": "56174", "address_id": "ADDR-7108", "fulfillment_type": "Standard", "ship_date": "2025-02-23", "estimated_delivery": "2025-02-28", "actual_delivery_date": null, "current_status": "Delayed", "last_scan_location": "Dallas, TX", "scan_timestamp": "2025-02-23T18:59:40Z", "delivery_attempt_status": "Third Attempt", "delivery_failure_status": null}}, {"model": "core.shipment", "pk": "SHIP-981178", "fields": {"order": "785-6559903", "tracking_number": "373C1FF6-5496-4", "warehouse_id": "WH-92", "fulfillment_region": "Pacific", "zip_code": "01962", "address_id": "ADDR-2000", "fulfillment_type": "Standard", "ship_date": "2025-02-17", "estimated_delivery": "2025-02-18", "actual_delivery_date": null, "current_status": "Failed", "last_scan_location": "Nashville, TN", "scan_timestamp": "2025-02-17T19:15:49Z", "delivery_attempt_status": "First Attempt", "delivery_failure_status": "Recipient Unavailable"}}, {"model": "core.shipment", "pk": "SHIP-987468", "fields": {"order": "322-9277768", "tracking_number": "687CF743-797E-4", "warehouse_id": "WH-84", "fulfillment_region": "Northeast", "zip_code": "69312", "address_id": "ADDR-1576", "fulfillment_type": "Expedited", "ship_date": "2025-02-16", "estimated_delivery": "2025-02-16", "actual_delivery_date": "2025-02-16", "current_status": "Delivered", "last_scan_location": "Fort Worth, TX", "scan_timestamp": "2025-02-16T15:59:36Z", "delivery_attempt_status": "First Attempt", "delivery_failure_status": null}}, {"model": "core.shipmentitem", "pk": 1, "fields": {"shipment": "SHIP-342617", "item_name": "Dell PowerEdge R750 Server", "quantity": 5}}, {"model": "core.shipmentitem", "pk": 2, "fields": {"shipment": "SHIP-110455", "item_name": "Steelcase Gesture Chair", "quantity": 6}}, {"model": "core.shipmentitem", "pk": 3, "fields": {"shipment": "SHIP-551218", "item_name": "Apple MacBook Pro 14", "quantity": 6}}, {"model": "core.shipmentitem", "pk": 4, "fields": {"shipment": "SHIP-248177", "item_name": "Dell XPS 15 Laptop", "quantity": 8}}, {"model": "core.shipmentitem", "pk": 5, "fields": {"shipment": "SHIP-971841", "item_name": "HP Z8 G4 Workstation", "quantity": 8}}, {"model": "core.shipmentitem", "pk": 6, "fields": {"shipment": "SHIP-938223", "item_name": "HP Spectre x360", "quantity": 4}}, {"model": "core.shipmentitem", "pk": 7, "fields": {"shipment": "SHIP-526020", "item_name": "Steelcase Gesture Chair", "quantity": 2}}, {"model": "core.shipmentitem", "pk": 8, "fields": {"shipment": "SHIP-804258", "item_name": "HP Spectre x360", "quantity": 2}}, {"model": "core.shipmentitem", "pk": 9, "fields": {"shipment": "SHIP-199726", "item_name": "Synology DiskStation DS920+", "quantity": 4}}, {"model": "core.shipmentitem", "pk": 10, "fields": {"shipment": "SHIP-177437", "item_name": "Sony Alpha A7R IV", "quantity": 8}}, {"model": "core.shipmentitem", "pk": 11, "fields": {"shipment": "SHIP-939303", "item_name": "Apple AirPods Max", "quantity": 4}}, {"model": "core.shipmentitem", "pk": 12, "fields": {"shipment": "SHIP-793713", "item_name": "Apple MacBook Pro 14", "quantity": 1}}, {"model": "core.shipmentitem", "pk": 13, "fields": {"shipment": "SHIP-138274", "item_name": "Lenovo ThinkPad X1 Carbon", "quantity": 1}}, {"model": "core.shipmentitem", "pk": 14, "fields": {"shipment": "SHIP-623675", "item_name": "Dell XPS 15 Laptop", "quantity": 4}}, {"model": "core.shipmentitem", "pk": 15, "fields": {"shipment": "SHIP-200142", "item_name": "Microsoft Surface Pro 9", "quantity": 1}}, {"model": "core.shipmentitem", "pk": 16, "fields": {"shipment": "SHIP-201863", "item_name": "Dell PowerEdge R750 Server", "quantity": 5}}, {"model": "core.shipmentitem", "pk": 17, "fields": {"shipment": "SHIP-285960", "item_name": "Dell PowerEdge R750 Server", "quantity": 3}}, {"model": "core.shipmentitem", "pk": 18, "fields": {"shipment": "SHIP-200026", "item_name": "Dell PowerEdge R750 Server", "quantity": 2}}, {"model": "core.shipmentitem", "pk": 19, "fields": {"shipment": "SHIP-262602", "item_name": "Lenovo ThinkPad X1 Carbon", "quantity": 3}}, {"model": "core.shipmentitem", "pk": 20, "fields": {"shipment": "SHIP-960113", "item_name": "Steelcase Gesture Chair", "quantity": 7}}, {"model": "core.shipmentitem", "pk": 21, "fields": {"shipment": "SHIP-507554", "item_name": "Microsoft Surface Pro 9", "quantity": 5}}, {"model": "core.shipmentitem", "pk": 22, "fields": {"shipment": "SHIP-485777", "item_name": "Nikon Z9", "quantity": 10}}, {"model": "core.shipmentitem", "pk": 23, "fields": {"shipment": "SHIP-533039", "item_name": "Dell PowerEdge R750 Server", "quantity": 9}}, {"model": "core.shipmentitem", "pk": 24, "fields": {"shipment": "SHIP-452362", "item_name": "Microsoft Surface Pro 9", "quantity": 6}}, {"model": "core.shipmentitem", "pk": 25, "fields": {"shipment": "SHIP-791433", "item_name": "Samsung Smart Monitor M8", "quantity": 1}}, {"model": "core.shipmentitem", "pk": 26, "fields": {"shipment": "SHIP-682972", "item_name": "Sony WH-1000XM5 Headphones", "quantity": 4}}, {"model": "core.shipmentitem", "pk": 27, "fields": {"shipment": "SHIP-464001", "item_name": "Herman Miller Aeron Chair", "quantity": 1}}, {"model": "core.shipmentitem", "pk": 28, "fields": {"shipment": "SHIP-319328", "item_name": "Canon EOS R5 Mirrorless Camera", "quantity": 4}}, {"model": "core.shipmentitem", "pk": 29, "fields": {"shipment": "SHIP-113993", "item_name": "LG UltraFine 4K Monitor", "quantity": 9}}, {"model": "core.shipmentitem", "pk": 30, "fields": {"shipment": "SHIP-631760", "item_name": "Google Pixel 8 Pro", "quantity": 10}}, {"model": "core.shipmentitem", "pk": 31, "fields": {"shipment": "SHIP-929959", "item_name": "Bose QuietComfort 45 Headphones", "quantity": 2}}, {"model": "core.shipmentitem", "pk": 32, "fields": {"shipment": "SHIP-987468", "item_name": "HP Z8 G4 Workstation", "quantity": 9}}, {"model": "core.shipmentitem", "pk": 33, "fields": {"shipment": "SHIP-454775", "item_name": "Microsoft Surface Pro 9", "quantity": 2}}, {"model": "core.shipmentitem", "pk": 34, "fields": {"shipment": "SHIP-589388", "item_name": "Canon EOS R5 Mirrorless Camera", "quantity": 8}}, {"model": "core.shipmentitem", "pk": 35, "fields": {"shipment": "SHIP-624317", "item_name": "Dell PowerEdge R750 Server", "quantity": 10}}, {"model": "core.shipmentitem", "pk": 36, "fields": {"shipment": "SHIP-700701", "item_name": "Steelcase Gesture Chair", "quantity": 3}}, {"model": "core.shipmentitem", "pk": 37, "fields": {"shipment": "SHIP-148892", "item_name": "Nikon Z9", "quantity": 6}}, {"model": "core.shipmentitem", "pk": 38, "fields": {"shipment": "SHIP-867007", "item_name": "Google Pixel 8 Pro", "quantity": 8}}, {"model": "core.shipmentitem", "pk": 39, "fields": {"shipment": "SHIP-109975", "item_name": "Sony WH-1000XM5 Headphones", "quantity": 9}}, {"model": "core.shipmentitem", "pk": 40, "fields": {"shipment": "SHIP-833950", "item_name": "Samsung Galaxy S24 Ultra", "quantity": 3}}, {"model": "core.shipmentitem", "pk": 41, "fields": {"shipment": "SHIP-766289", "item_name": "Herman Miller Aeron Chair", "quantity": 10}}, {"model": "core.shipmentitem", "pk": 42, "fields": {"shipment": "SHIP-981178", "item_name": "Samsung Galaxy Tab S9 Ultra", "quantity": 6}}, {"model": "core.shipmentitem", "pk": 43, "fields": {"shipment": "SHIP-862788", "item_name": "HP Z8 G4 Workstation", "quantity": 2}}, {"model": "core.shipmentitem", "pk": 44, "fields": {"shipment": "SHIP-480067", "item_name": "Samsung Galaxy Tab S9 Ultra", "quantity": 6}}, {"model": "core.shipmentitem", "pk": 45, "fields": {"shipment": "SHIP-323969", "item_name": "BenQ PD3220U Designer Monitor", "quantity": 10}}, {"model": "core.shipmentitem", "pk": 46, "fields": {"shipment": "SHIP-239645", "item_name": "Secretlab Titan Evo Gaming Chair", "quantity": 1}}, {"model": "core.shipmentitem", "pk": 47, "fields": {"shipment": "SHIP-793212", "item_name": "Lenovo ThinkPad X1 Carbon", "quantity": 7}}, {"model": "core.shipmentitem", "pk": 48, "fields": {"shipment": "SHIP-571579", "item_name": "Sony Alpha A7R IV", "quantity": 1}}, {"model": "core.shipmentitem", "pk": 49, "fields": {"shipment": "SHIP-662436", "item_name": "Apple AirPods Max", "quantity": 9}}, {"model": "core.shipmentitem", "pk": 50, "fields": {"shipment": "SHIP-397449", "item_name": "Bose QuietComfort 45 Headphones", "quantity": 9}}]